"";"X";"accession";"name";"go_name"
"1";1;"P31946";"1433B_HUMAN";"C:melanosome, P:MAPK cascade, C:perinuclear region of cytoplasm, P:epidermal growth factor receptor signaling pathway, P:fibroblast growth factor receptor signaling pathway, P:positive regulation of protein insertion into mitochondrial membrane involved in apoptotic signaling pathway, P:insulin receptor signaling pathway, P:innate immune response, C:extracellular vesicular exosome, P:negative regulation of protein dephosphorylation, C:cytosol, C:cytoplasmic vesicle membrane, P:gene expression, P:cytoplasmic sequestering of protein, C:transcriptional repressor complex, P:mRNA metabolic process, P:neurotrophin TRK receptor signaling pathway, P:Fc-epsilon receptor signaling pathway, P:hippo signaling, P:Ras protein signal transduction, P:negative regulation of transcription, DNA-templated, F:transcription corepressor activity, P:protein heterooligomerization, P:activation of MAPKK activity, P:axon guidance, P:intrinsic apoptotic signaling pathway, P:protein targeting"
"2";2;"P62258";"1433E_HUMAN";"C:mitochondrion, P:hippocampus development, F:potassium channel regulator activity, P:regulation of potassium ion transmembrane transporter activity, P:regulation of membrane repolarization, P:negative regulation of peptidyl-serine dephosphorylation, P:intrinsic apoptotic signaling pathway, P:membrane repolarization during cardiac muscle cell action potential, P:protein targeting, P:substantia nigra development, P:neuron migration, C:cytosol, P:regulation of cysteine-type endopeptidase activity involved in apoptotic process, P:neurotrophin TRK receptor signaling pathway, P:viral process, F:MHC class II protein complex binding, C:extracellular vesicular exosome, C:kinesin complex, P:regulation of heart rate by hormone, C:cytoplasmic vesicle membrane, P:hippo signaling, C:melanosome, P:regulation of heart rate by cardiac conduction, P:G2/M transition of mitotic cell cycle, P:cerebral cortex development, P:positive regulation of protein insertion into mitochondrial membrane involved in apoptotic signaling pathway"
"3";3;"P61981";"1433G_HUMAN";"C:extracellular vesicular exosome, P:intrinsic apoptotic signaling pathway, F:protein kinase C inhibitor activity, P:regulation of synaptic plasticity, C:cytosol, P:G2/M transition of mitotic cell cycle, P:positive regulation of protein insertion into mitochondrial membrane involved in apoptotic signaling pathway, P:regulation of neuron differentiation, P:cellular response to insulin stimulus, P:protein targeting, C:cytoplasmic vesicle membrane"
"4";4;"P27348";"1433T_HUMAN";"C:cytosol, P:positive regulation of protein insertion into mitochondrial membrane involved in apoptotic signaling pathway, P:small GTPase mediated signal transduction, C:protein complex, C:extracellular vesicular exosome, P:intrinsic apoptotic signaling pathway, C:cytoplasmic vesicle membrane, P:protein targeting, P:substantia nigra development, P:negative regulation of transcription, DNA-templated"
"5";5;"P63104";"1433Z_HUMAN";"C:cytosol, C:blood microparticle, P:platelet activation, C:protein complex, C:mast cell granule, C:perinuclear region of cytoplasm, C:postsynaptic density, P:positive regulation of protein insertion into mitochondrial membrane involved in apoptotic signaling pathway, C:melanosome, C:nucleoplasm, C:mitochondrion, P:histamine secretion by mast cell, P:intrinsic apoptotic signaling pathway, P:mRNA metabolic process, P:gene expression, C:cell leading edge, C:extracellular vesicular exosome, P:negative regulation of apoptotic process, P:protein targeting to mitochondrion, C:cytoplasmic vesicle membrane"
"6";6;"P01892";"1A02_HUMAN";"P:antigen processing and presentation of exogenous peptide antigen via MHC class I, TAP-independent, C:cell surface, C:early endosome membrane, F:TAP binding, P:interferon-gamma-mediated signaling pathway, P:positive regulation of memory T cell activation, C:integral component of lumenal side of endoplasmic reticulum membrane, P:viral process, P:positive regulation of interferon-gamma production, F:peptide antigen binding, P:regulation of defense response to virus by virus, C:ER to Golgi transport vesicle membrane, P:antigen processing and presentation of exogenous peptide antigen via MHC class I, TAP-dependent, P:positive regulation of T cell mediated cytotoxicity, C:Golgi membrane, P:antigen processing and presentation of endogenous peptide antigen via MHC class I via ER pathway, TAP-independent, C:phagocytic vesicle membrane, P:type I interferon signaling pathway, C:MHC class I protein complex"
"7";7;"P04439";"1A03_HUMAN";"C:MHC class I protein complex, P:viral process, P:positive regulation of T cell mediated cytotoxicity, P:antigen processing and presentation of exogenous peptide antigen via MHC class I, TAP-independent, C:integral component of lumenal side of endoplasmic reticulum membrane, C:phagocytic vesicle membrane, C:early endosome membrane, F:peptide antigen binding, P:antigen processing and presentation of exogenous peptide antigen via MHC class I, TAP-dependent, P:interferon-gamma-mediated signaling pathway, C:integral component of plasma membrane, C:ER to Golgi transport vesicle membrane, F:receptor binding, F:TAP binding, P:type I interferon signaling pathway, P:regulation of immune response, C:Golgi membrane"
"8";8;"Q95604";"1C17_HUMAN";"F:peptide antigen binding, P:interferon-gamma-mediated signaling pathway, C:MHC class I protein complex, C:phagocytic vesicle membrane, C:ER to Golgi transport vesicle membrane, C:early endosome membrane, P:positive regulation of T cell mediated cytotoxicity, P:antigen processing and presentation of exogenous peptide antigen via MHC class I, TAP-dependent, C:Golgi membrane, P:type I interferon signaling pathway, C:integral component of lumenal side of endoplasmic reticulum membrane, P:antigen processing and presentation of exogenous peptide antigen via MHC class I, TAP-independent, P:viral process, C:cell surface, P:regulation of immune response"
"9";9;"P08195";"4F2_HUMAN";"P:leucine import, C:apical plasma membrane, C:melanosome, P:response to exogenous dsRNA, F:calcium:sodium antiporter activity, F:cation binding, F:neutral amino acid transmembrane transporter activity, C:extracellular vesicular exosome, C:integral component of membrane, P:tryptophan transport, P:leukocyte migration, P:cell growth, C:plasma membrane, P:blood coagulation, F:catalytic activity, P:carbohydrate metabolic process, F:double-stranded RNA binding"
"10";10;"P63261";"ACTG_HUMAN";"P:axon guidance, C:myofibril, P:innate immune response, P:sarcomere organization, C:cytoskeleton, F:structural constituent of cytoskeleton, F:ATP binding, P:cell junction assembly, P:adherens junction organization, P:Fc-gamma receptor signaling pathway involved in phagocytosis, P:retina homeostasis, C:cytosol, C:extracellular vesicular exosome, C:blood microparticle, C:filamentous actin"
"11";11;"P68133";"ACTS_HUMAN";"C:blood microparticle, F:structural constituent of cytoskeleton, P:response to lithium ion, P:response to extracellular stimulus, C:extracellular vesicular exosome, P:response to mechanical stimulus, F:ATP binding, P:skeletal muscle thin filament assembly, C:cytosol, P:skeletal muscle fiber adaptation, P:response to steroid hormone, F:myosin binding, P:cell growth, P:skeletal muscle fiber development, C:striated muscle thin filament, C:stress fiber, C:actin filament, F:ADP binding, P:muscle filament sliding"
"12";12;"P05141";"ADT2_HUMAN";"P:energy reserve metabolic process, P:negative regulation of mitochondrial outer membrane permeabilization, P:regulation of insulin secretion, C:MMXD complex, C:mitochondrial nucleoid, C:integral component of plasma membrane, P:positive regulation of cell proliferation, P:viral process, P:small molecule metabolic process, P:chromosome segregation, F:adenine transmembrane transporter activity, C:mitochondrial inner membrane"
"14";14;"P04075";"ALDOA_HUMAN";"F:fructose binding, C:extracellular space, P:fructose 1,6-bisphosphate metabolic process, P:fructose metabolic process, P:striated muscle contraction, P:glycolysis, C:extracellular vesicular exosome, P:platelet activation, P:gluconeogenesis, P:ATP biosynthetic process, F:identical protein binding, P:regulation of cell shape, P:actin filament organization, C:I band, C:actin cytoskeleton, C:cytosol, F:actin binding, C:platelet alpha granule lumen, P:muscle cell cellular homeostasis, P:protein homotetramerization, F:tubulin binding, F:fructose-bisphosphate aldolase activity, P:platelet degranulation"
"16";16;"P07355";"ANXA2_HUMAN";"C:extracellular vesicular exosome, P:positive regulation of fibroblast proliferation, C:cell surface, C:myelin sheath adaxonal region, P:positive regulation of binding, F:calcium ion binding, C:melanosome, P:membrane budding, C:midbody, C:lipid particle, C:extracellular space, C:Schmidt-Lanterman incisure, P:fibrinolysis, C:protein complex, C:extrinsic component of plasma membrane, F:calcium-dependent phospholipid binding, F:phospholipase A2 inhibitor activity, P:positive regulation of vesicle fusion, C:macropinosome, P:collagen fibril organization, P:osteoclast development, P:angiogenesis, P:protein targeting to plasma membrane, P:cellular response to acid, C:basement membrane, P:protein heterotetramerization, P:membrane raft assembly, P:body fluid secretion, C:ruffle, C:perinuclear region of cytoplasm, F:phosphatidylinositol-4,5-bisphosphate binding, C:sarcolemma, C:early endosome, C:cell cortex, P:positive regulation of protein phosphorylation"
"19";19;"P25705";"ATPA_HUMAN";"C:mitochondrial matrix, F:MHC class I protein binding, C:plasma membrane, P:lipid metabolic process, F:ATP binding, P:negative regulation of endothelial cell proliferation, F:proton-transporting ATPase activity, rotational mechanism, P:ATP hydrolysis coupled proton transport, P:respiratory electron transport chain, P:embryo development, C:mitochondrial proton-transporting ATP synthase complex, P:mitochondrial ATP synthesis coupled proton transport, C:proton-transporting ATP synthase complex, catalytic core F(1), C:extracellular vesicular exosome, F:proton-transporting ATP synthase activity, rotational mechanism"
"20";20;"P06576";"ATPB_HUMAN";"P:ATP hydrolysis coupled proton transport, F:MHC class I protein binding, P:lipid metabolic process, F:ATP binding, C:mitochondrial nucleoid, C:cell surface, P:mitochondrial ATP synthesis coupled proton transport, P:negative regulation of cell adhesion involved in substrate-bound cell migration, C:mitochondrial proton-transporting ATP synthase, catalytic core, P:respiratory electron transport chain, F:proton-transporting ATP synthase activity, rotational mechanism, P:angiogenesis, F:proton-transporting ATPase activity, rotational mechanism, C:extracellular vesicular exosome, C:plasma membrane, P:regulation of intracellular pH"
"22";22;"Q13867";"BLMH_HUMAN";"F:carboxypeptidase activity, P:response to toxic substance, C:nucleus, F:cysteine-type endopeptidase activity, C:cytosol, P:antigen processing and presentation of peptide antigen via MHC class I, P:proteolysis, P:protein polyubiquitination, F:aminopeptidase activity, P:response to drug, C:extracellular vesicular exosome"
"23";23;"P27797";"CALR_HUMAN";"F:unfolded protein binding, P:cell cycle arrest, C:endocytic vesicle lumen, P:positive regulation of gene expression, P:protein localization to nucleus, P:protein export from nucleus, P:negative regulation of transcription from RNA polymerase II promoter, F:protein binding involved in protein folding, P:chaperone-mediated protein folding, P:response to testosterone, P:peptide antigen assembly with MHC class I protein complex, F:zinc ion binding, F:hormone binding, C:acrosomal vesicle, P:regulation of meiosis, P:negative regulation of translation, F:mRNA binding, C:nucleus, P:cardiac muscle cell differentiation, P:antigen processing and presentation of exogenous peptide antigen via MHC class I, TAP-dependent, C:cytosol, P:positive regulation of cell cycle, C:extracellular space, C:endoplasmic reticulum lumen, C:perinuclear region of cytoplasm, P:activation of signaling protein activity involved in unfolded protein response, F:chaperone binding, P:response to estradiol, C:Golgi apparatus, P:protein maturation by protein folding, P:cellular senescence, P:positive regulation of DNA replication, C:external side of plasma membrane, P:response to drug, P:positive regulation of dendritic cell chemotaxis, F:complement component C1q binding, P:positive regulation of cell proliferation, P:post-translational protein modification, F:iron ion binding, F:androgen receptor binding, P:protein N-linked glycosylation via asparagine, P:positive regulation of substrate adhesion-dependent cell spreading, C:sarcoplasmic reticulum lumen, P:negative regulation of retinoic acid receptor signaling pathway, C:proteinaceous extracellular matrix, F:carbohydrate binding, P:negative regulation of intracellular steroid hormone receptor signaling pathway, C:polysome, F:calcium ion binding, F:DNA binding, P:cortical actin cytoskeleton organization, P:sequestering of calcium ion, C:MHC class I peptide loading complex, P:protein stabilization, P:positive regulation of phagocytosis, P:cellular response to lithium ion, C:extracellular vesicular exosome, P:spermatogenesis, F:peptide binding, C:cell surface, P:regulation of apoptotic process, P:glucocorticoid receptor signaling pathway, P:negative regulation of neuron differentiation, C:integral component of lumenal side of endoplasmic reticulum membrane"
"25";25;"P04040";"CATA_HUMAN";"P:kidney development, P:response to hypoxia, F:NADP binding, P:cholesterol metabolic process, C:endoplasmic reticulum, P:hemoglobin metabolic process, C:peroxisomal matrix, F:aminoacylase activity, P:negative regulation of apoptotic process, P:positive regulation of NF-kappaB transcription factor activity, F:catalase activity, P:response to hyperoxia, P:hydrogen peroxide catabolic process, P:negative regulation of NF-kappaB transcription factor activity, F:protein homodimerization activity, P:triglyceride metabolic process, F:metal ion binding, C:Golgi apparatus, C:lysosome, P:positive regulation of phosphatidylinositol 3-kinase signaling, C:cytosol, P:UV protection, P:cellular response to growth factor stimulus, C:peroxisomal membrane, P:aerobic respiration, P:ureteric bud development, P:response to vitamin E, F:heme binding, P:positive regulation of cell division, P:protein homotetramerization, P:menopause, P:purine nucleobase metabolic process, C:mitochondrial intermembrane space, C:plasma membrane, P:purine nucleotide catabolic process"
"26";26;"P10809";"CH60_HUMAN";"P:B cell proliferation, P:positive regulation of T cell activation, C:coated vesicle, P:MyD88-dependent toll-like receptor signaling pathway, C:mitochondrial matrix, P:positive regulation of interleukin-10 production, F:single-stranded DNA binding, P:positive regulation of macrophage activation, F:DNA replication origin binding, C:extracellular vesicular exosome, P:positive regulation of interleukin-6 production, C:mitochondrial inner membrane, C:cell surface, C:early endosome, C:plasma membrane, P:protein maturation, P:'de novo' protein folding, P:positive regulation of interferon-gamma production, C:secretory granule, F:ATPase activity, P:positive regulation of interleukin-12 production, P:T cell activation, P:response to unfolded protein, P:protein stabilization, C:lipopolysaccharide receptor complex, F:lipopolysaccharide binding, F:unfolded protein binding, P:positive regulation of apoptotic process, C:coated pit, F:double-stranded RNA binding, C:extracellular space, P:viral process, P:chaperone-mediated protein complex assembly, P:activation of cysteine-type endopeptidase activity involved in apoptotic process, P:isotype switching to IgG isotypes, F:ATP binding, P:positive regulation of interferon-alpha production, P:B cell cytokine production, P:negative regulation of apoptotic process, C:cytosol, P:positive regulation of T cell mediated immune response to tumor cell, P:protein refolding"
"27";27;"Q00610";"CLH1_HUMAN";"C:cytosol, P:antigen processing and presentation of exogenous peptide antigen via MHC class II, C:clathrin complex, C:spindle, C:mitochondrion, C:melanosome, F:double-stranded RNA binding, P:post-Golgi vesicle-mediated transport, P:mitosis, C:trans-Golgi network membrane, C:extracellular vesicular exosome, P:receptor internalization, C:clathrin coat of coated pit, F:structural molecule activity, P:transferrin transport, C:clathrin coat of trans-Golgi network vesicle, C:clathrin-coated endocytic vesicle membrane, P:intracellular protein transport"
"28";28;"P23528";"COF1_HUMAN";"P:negative regulation of apoptotic process, P:platelet activation, C:ruffle membrane, C:extracellular space, C:cytoplasm, P:response to amino acid, P:protein phosphorylation, P:neural crest cell migration, P:Rho protein signal transduction, P:neural fold formation, C:extracellular vesicular exosome, C:nucleus, P:axon guidance, P:actin filament depolymerization, P:establishment of cell polarity, C:cortical actin cytoskeleton, P:actin cytoskeleton organization, P:platelet degranulation, P:negative regulation of cell size, P:Fc-gamma receptor signaling pathway involved in phagocytosis, P:positive regulation of actin filament depolymerization, C:lamellipodium membrane, P:response to virus, P:innate immune response, P:protein import into nucleus, C:nuclear matrix, P:regulation of cell morphogenesis"
"29";29;"P31146";"COR1A_HUMAN";"P:homeostasis of number of cells within a tissue, C:phagocytic cup, P:leukocyte chemotaxis, P:T cell homeostasis, P:positive chemotaxis, C:immunological synapse, P:cell-substrate adhesion, C:phagocytic vesicle, P:phagolysosome assembly, P:calcium ion transport, P:positive regulation of T cell proliferation, P:negative regulation of actin nucleation, P:regulation of cell shape, P:actin filament organization, F:protein homodimerization activity, P:positive regulation of cell migration, F:actin filament binding, C:extracellular vesicular exosome, P:uropod organization, P:cellular response to interleukin-4, C:phagocytic vesicle membrane, F:phosphatidylinositol 3-kinase binding, P:regulation of actin filament polymerization, C:cortical actin cytoskeleton, C:lamellipodium, P:actin cytoskeleton organization, C:actin filament, P:innate immune response"
"33";33;"P81605";"DCD_HUMAN";"P:proteolysis, P:killing of cells of other organism, P:defense response to fungus, C:extracellular vesicular exosome, F:peptidase activity, P:defense response to bacterium"
"35";35;"O00571";"DDX3X_HUMAN";"P:chromosome segregation, P:positive regulation of translational initiation, F:ATP binding, P:negative regulation of protein complex assembly, P:cellular response to arsenic-containing substance, P:positive regulation of transcription from RNA polymerase II promoter, P:positive regulation of interferon-beta production, F:eukaryotic initiation factor 4E binding, P:negative regulation of cell growth, F:poly(A) RNA binding, P:positive regulation of apoptotic process, F:transcription factor binding, P:positive regulation of cell growth, C:mitochondrial outer membrane, P:negative regulation of translation, F:ATP-dependent DNA helicase activity, P:positive regulation of chemokine (C-C motif) ligand 5 production, C:cytoplasmic stress granule, F:mRNA 5'-UTR binding, P:negative regulation of cysteine-type endopeptidase activity involved in apoptotic process, P:RNA secondary structure unwinding, F:RNA stem-loop binding, F:ATP-dependent RNA helicase activity, P:viral process, P:positive regulation of cysteine-type endopeptidase activity involved in apoptotic process, P:transcription, DNA-templated, P:extrinsic apoptotic signaling pathway via death domain receptors, P:response to virus, P:negative regulation of apoptotic process, C:extracellular vesicular exosome, P:innate immune response, F:ribosomal small subunit binding, P:cellular response to osmotic stress, P:negative regulation of intrinsic apoptotic signaling pathway, C:nucleus, P:stress granule assembly, P:positive regulation of G1/S transition of mitotic cell cycle, P:intrinsic apoptotic signaling pathway, P:mature ribosome assembly, F:DNA binding, C:nuclear speck"
"36";36;"P17844";"DDX5_HUMAN";"P:regulation of viral genome replication, P:mRNA splicing, via spliceosome, P:positive regulation of transcription from RNA polymerase II promoter, P:regulation of skeletal muscle cell differentiation, F:ATP-dependent RNA helicase activity, P:circadian rhythm, F:RNA helicase activity, P:regulation of androgen receptor signaling pathway, F:androgen receptor binding, F:pre-mRNA binding, P:regulation of osteoblast differentiation, P:regulation of alternative mRNA splicing, via spliceosome, P:intrinsic apoptotic signaling pathway by p53 class mediator, F:estrogen receptor binding, P:in utero embryonic development, C:catalytic step 2 spliceosome, C:extracellular vesicular exosome, P:ATP catabolic process, P:negative regulation of transcription from RNA polymerase II promoter, P:cell growth, C:nucleolus, F:transcription coactivator activity, F:ATP binding, P:positive regulation of DNA damage response, signal transduction by p53 class mediator, P:positive regulation of intracellular estrogen receptor signaling pathway, P:transcription, DNA-templated"
"37";37;"P15924";"DESP_HUMAN";"C:desmosome, C:plasma membrane, C:fascia adherens, C:extracellular vesicular exosome, P:wound healing, C:mitochondrion, P:desmosome organization, P:peptide cross-linking, C:cornified envelope, P:cell-cell adhesion, P:adherens junction organization, P:ventricular cardiac muscle cell action potential, C:intercalated disc, P:ventricular compact myocardium morphogenesis, P:protein localization to adherens junction, P:keratinocyte differentiation, F:structural constituent of cytoskeleton, C:intermediate filament, C:basolateral plasma membrane, P:intermediate filament organization, P:bundle of His cell to Purkinje myocyte communication, F:protein binding, bridging, P:regulation of heart rate by cardiac conduction, P:cellular component disassembly involved in execution phase of apoptosis"
"39";39;"Q08554";"DSC1_HUMAN";"C:integral component of membrane, C:membrane, C:gap junction, F:calcium ion binding, C:plasma membrane, P:homophilic cell adhesion, C:desmosome"
"40";40;"Q02413";"DSG1_HUMAN";"C:apical plasma membrane, C:cytoplasmic side of plasma membrane, P:protein stabilization, F:toxic substance binding, P:homophilic cell adhesion, P:maternal process involved in female pregnancy, C:cytosol, P:calcium-dependent cell-cell adhesion, C:integral component of membrane, F:calcium ion binding, C:desmosome, C:lateral plasma membrane, P:cellular component disassembly involved in execution phase of apoptosis, P:cell-cell junction assembly, P:response to progesterone"
"42";42;"P68104";"EF1A1_HUMAN";"C:extracellular space, P:transcription, DNA-templated, C:eukaryotic translation elongation factor 1 complex, C:nucleus, F:translation elongation factor activity, C:cytosol, F:GTP binding, C:plasma membrane, F:GTPase activity, C:extracellular vesicular exosome, P:GTP catabolic process, P:regulation of transcription, DNA-templated"
"44";44;"P13639";"EF2_HUMAN";"C:polysome, F:GTPase activity, P:positive regulation of gene expression, C:ribonucleoprotein complex, F:GTP binding, F:translation activator activity, P:translational elongation, C:extracellular vesicular exosome, F:translation elongation factor activity, C:cytosol"
"45";45;"P49411";"EFTU_HUMAN";"F:translation elongation factor activity, F:GTPase activity, C:mitochondrial nucleoid, C:extracellular vesicular exosome, P:GTP catabolic process, F:GTP binding"
"46";46;"P06733";"ENOA_HUMAN";"C:M band, F:transcription corepressor activity, C:cytosol, F:magnesium ion binding, P:negative regulation of cell growth, P:small molecule metabolic process, C:phosphopyruvate hydratase complex, P:negative regulation of transcription from RNA polymerase II promoter, P:glycolysis, C:plasma membrane, F:phosphopyruvate hydratase activity, C:nucleus, C:extracellular vesicular exosome, F:DNA binding, F:sequence-specific DNA binding transcription factor activity, P:gluconeogenesis, C:extracellular space, P:transcription, DNA-templated, P:response to virus"
"47";47;"P14625";"ENPL_HUMAN";"F:ATP binding, C:cytosol, F:RNA binding, C:melanosome, P:protein transport, C:midbody, P:ER-associated ubiquitin-dependent protein catabolic process, P:actin rod assembly, C:extracellular vesicular exosome, P:activation of signaling protein activity involved in unfolded protein response, C:perinuclear region of cytoplasm, P:protein folding, F:calcium ion binding, P:toll-like receptor signaling pathway, P:innate immune response, C:endoplasmic reticulum membrane, C:endocytic vesicle lumen, F:low-density lipoprotein particle receptor binding, P:sequestering of calcium ion, P:response to hypoxia, C:endoplasmic reticulum lumen, F:virion binding, P:regulation of phosphoprotein phosphatase activity, P:negative regulation of apoptotic process, C:plasma membrane, F:protein phosphatase binding, P:cellular response to ATP"
"48";48;"P50502";"F10A1_HUMAN";"C:protein complex, P:protein folding, C:cytosol, C:cytoplasm, F:dATP binding, C:extracellular vesicular exosome, P:protein homooligomerization, F:protein binding, bridging, P:chaperone cofactor-dependent protein refolding, P:negative regulation of protein refolding"
"49";49;"P49327";"FAS_HUMAN";"F:3-hydroxyoctanoyl-[acyl-carrier-protein] dehydratase activity, F:zinc ion binding, C:mitochondrion, F:3-oxoacyl-[acyl-carrier-protein] synthase activity, F:3-oxoacyl-[acyl-carrier-protein] reductase (NADPH) activity, P:triglyceride biosynthetic process, C:plasma membrane, P:positive regulation of cellular metabolic process, F:drug binding, F:[acyl-carrier-protein] S-acetyltransferase activity, C:Golgi apparatus, C:glycogen granule, P:cellular response to interleukin-4, P:long-chain fatty-acyl-CoA biosynthetic process, P:fatty acid metabolic process, F:myristoyl-[acyl-carrier-protein] hydrolase activity, C:cytosol, C:extracellular vesicular exosome, F:fatty acid synthase activity, C:melanosome, F:enoyl-[acyl-carrier-protein] reductase (NADPH, A-specific) activity, P:fatty acid biosynthetic process, P:energy reserve metabolic process, F:enoyl-[acyl-carrier-protein] reductase (NADPH, B-specific) activity, F:3-hydroxypalmitoyl-[acyl-carrier-protein] dehydratase activity, P:pantothenate metabolic process, F:palmitoyl-[acyl-carrier-protein] hydrolase activity, P:acetyl-CoA metabolic process, F:NADPH binding, F:[acyl-carrier-protein] S-malonyltransferase activity, F:oleoyl-[acyl-carrier-protein] hydrolase activity"
"52";52;"P04406";"G3P_HUMAN";"C:perinuclear region of cytoplasm, P:small molecule metabolic process, P:negative regulation of translation, F:NAD binding, P:microtubule cytoskeleton organization, F:microtubule binding, P:peptidyl-cysteine S-trans-nitrosylation, C:extracellular vesicular exosome, P:protein stabilization, F:glyceraldehyde-3-phosphate dehydrogenase (NAD+) (phosphorylating) activity, C:lipid particle, C:nucleus, C:GAIT complex, P:neuron apoptotic process, C:cytosol, P:cellular response to interferon-gamma, C:ribonucleoprotein complex, C:microtubule cytoskeleton, P:glycolysis, F:peptidyl-cysteine S-nitrosylase activity, P:gluconeogenesis, F:NADP binding, C:plasma membrane"
"53";53;"P38646";"GRP75_HUMAN";"F:unfolded protein binding, P:cellular protein metabolic process, C:nucleolus, P:protein folding, P:protein targeting to mitochondrion, F:ATP binding, P:negative regulation of apoptotic process, C:extracellular vesicular exosome, C:mitochondrial nucleoid, P:protein export from nucleus"
"54";54;"P11021";"GRP78_HUMAN";"C:extracellular vesicular exosome, C:cell surface, F:unfolded protein binding, C:endoplasmic reticulum lumen, P:platelet activation, P:cerebellar Purkinje cell layer development, P:activation of signaling protein activity involved in unfolded protein response, F:chaperone binding, F:ATP binding, P:positive regulation of protein ubiquitination, C:midbody, F:ATPase activity, P:cellular response to interleukin-4, P:cellular response to antibiotic, F:ribosome binding, P:substantia nigra development, P:ER-associated ubiquitin-dependent protein catabolic process, C:integral component of endoplasmic reticulum membrane, P:regulation of protein folding in endoplasmic reticulum, P:ER overload response, P:cerebellum structural organization, F:calcium ion binding, C:melanosome, P:negative regulation of apoptotic process, F:misfolded protein binding, C:endoplasmic reticulum-Golgi intermediate compartment, C:endoplasmic reticulum chaperone complex, C:nucleus, P:platelet degranulation, P:negative regulation of transforming growth factor beta receptor signaling pathway, P:cellular response to glucose starvation"
"60";60;"P58876";"H2B1D_HUMAN";"F:DNA binding, C:nucleus, P:nucleosome assembly, C:extracellular vesicular exosome, C:nucleosome"
"62";62;"Q71DI3";"H32_HUMAN";"P:nucleosome assembly, F:DNA binding, C:nucleosome, C:extracellular vesicular exosome, C:nucleoplasm, P:blood coagulation"
"63";63;"P62805";"H4_HUMAN";"P:negative regulation of megakaryocyte differentiation, C:nucleosome, P:phosphatidylinositol-mediated signaling, P:CENP-A containing nucleosome assembly at centromere, C:nucleolus, C:extracellular vesicular exosome, P:telomere maintenance, F:DNA binding, C:actin cytoskeleton, C:nucleoplasm"
"64";64;"P09429";"HMGB1_HUMAN";"C:nucleoplasm, F:chemoattractant activity, F:double-stranded DNA binding, C:condensed chromosome, P:positive regulation of DNA binding, P:myeloid dendritic cell activation, F:cytokine activity, C:cell surface, C:extracellular space, P:negative regulation of apoptotic cell clearance, P:positive regulation of apoptotic process, P:base-excision repair, DNA ligation, F:single-stranded DNA binding, F:sequence-specific DNA binding transcription factor activity, F:damaged DNA binding, P:V(D)J recombination, F:DNA binding, bending, P:dendritic cell chemotaxis, P:DNA topological change, P:innate immune response, P:positive regulation of cysteine-type endopeptidase activity involved in apoptotic process, P:neuron projection development, P:inflammatory response to antigenic stimulus, P:positive regulation of transcription from RNA polymerase II promoter, F:RAGE receptor binding, P:apoptotic DNA fragmentation, P:negative regulation of RNA polymerase II transcriptional preinitiation complex assembly"
"65";65;"P26583";"HMGB2_HUMAN";"F:RAGE receptor binding, P:positive regulation of DNA binding, P:base-excision repair, DNA ligation, P:male gonad development, P:cell chemotaxis, P:positive regulation of nuclease activity, P:positive regulation of megakaryocyte differentiation, F:DNA binding, bending, C:extracellular space, F:damaged DNA binding, P:apoptotic DNA fragmentation, P:cellular response to lipopolysaccharide, C:nucleoplasm, C:condensed chromosome, P:spermatid nucleus differentiation, P:nucleosome assembly, F:double-stranded DNA binding, P:negative regulation of extrinsic apoptotic signaling pathway via death domain receptors, P:response to steroid hormone, F:sequence-specific DNA binding transcription factor activity, P:positive regulation of erythrocyte differentiation, F:transcription regulatory region DNA binding, F:chemoattractant activity, C:perinuclear region of cytoplasm, P:V(D)J recombination, P:positive regulation of endothelial cell proliferation, P:phosphatidylinositol-mediated signaling, F:single-stranded DNA binding, C:protein complex, P:DNA topological change, P:negative regulation of transcription, DNA-templated, P:positive regulation of transcription from RNA polymerase II promoter"
"67";67;"P07910";"HNRPC_HUMAN";"F:RNA binding, C:catalytic step 2 spliceosome, C:nucleoplasm, F:nucleotide binding, P:mRNA splicing, via spliceosome, C:extracellular vesicular exosome"
"69";69;"P61978";"HNRPK_HUMAN";"P:regulation of lipid transport by positive regulation of transcription from RNA polymerase II promoter, P:regulation of low-density lipoprotein particle clearance, F:RNA binding, C:extracellular vesicular exosome, C:podosome, C:nucleoplasm, C:nuclear chromatin, P:positive regulation of receptor-mediated endocytosis, P:signal transduction, P:mRNA splicing, via spliceosome, C:cytoplasm, P:positive regulation of low-density lipoprotein particle receptor biosynthetic process, C:cell projection, F:single-stranded DNA binding, P:viral process, F:RNA polymerase II core promoter proximal region sequence-specific DNA binding transcription factor activity involved in positive regulation of transcription, C:cell junction, F:RNA polymerase II core promoter proximal region sequence-specific DNA binding, C:catalytic step 2 spliceosome"
"70";70;"P14866";"HNRPL_HUMAN";"C:extracellular vesicular exosome, F:transcription regulatory region DNA binding, C:pronucleus, C:ribonucleoprotein complex, C:cytoplasm, F:nucleotide binding, P:mRNA splicing, via spliceosome, C:nucleoplasm, F:RNA binding"
"71";71;"P52272";"HNRPM_HUMAN";"F:RNA binding, P:alternative mRNA splicing, via spliceosome, F:nucleotide binding, C:catalytic step 2 spliceosome, C:nuclear matrix, C:integral component of plasma membrane, C:paraspeckles"
"74";74;"Q00839";"HNRPU_HUMAN";"F:RNA binding, F:DNA binding, F:ATP binding, P:mRNA splicing, via spliceosome, C:cell surface, C:catalytic step 2 spliceosome, P:CRD-mediated mRNA stabilization, C:CRD-mediated mRNA stability complex, C:nucleoplasm"
"75";75;"Q86YZ3";"HORN_HUMAN";"C:cornified envelope, F:calcium ion binding, P:keratinization, P:establishment of skin barrier, C:extracellular vesicular exosome"
"77";77;"P07900";"HS90A_HUMAN";"C:extracellular vesicular exosome, P:protein refolding, P:innate immune response, P:regulation of nitric-oxide synthase activity, P:response to salt stress, P:skeletal muscle contraction, C:mitochondrion, F:TPR domain binding, P:positive regulation of cardiac muscle contraction, P:nitric oxide metabolic process, C:apical plasma membrane, C:basolateral plasma membrane, C:neuron projection, P:positive regulation of nitric oxide biosynthetic process, P:Fc-gamma receptor signaling pathway involved in phagocytosis, C:cell surface, F:GTP binding, F:ATP binding, C:extracellular matrix, P:protein import into mitochondrial outer membrane, P:positive regulation of lamellipodium assembly, F:dATP binding, P:cardiac muscle cell apoptotic process, P:axon guidance, C:perinuclear region of cytoplasm, C:neuronal cell body, P:chaperone-mediated protein complex assembly, P:positive regulation of cell size, F:nitric-oxide synthase regulator activity, P:neuron migration, P:response to heat, F:CTP binding, C:brush border membrane, C:cytosol, C:protein complex, F:MHC class II protein complex binding, F:protein homodimerization activity, C:endocytic vesicle lumen, F:UTP binding, C:melanosome, P:response to unfolded protein, P:positive regulation of protein import into nucleus, translocation, P:response to estrogen, F:ATPase activity, P:G2/M transition of mitotic cell cycle, F:mRNA binding, C:plasma membrane"
"78";78;"P08238";"HS90B_HUMAN";"C:basolateral plasma membrane, F:UTP binding, F:ATP binding, P:innate immune response, P:regulation of interferon-gamma-mediated signaling pathway, P:positive regulation of protein serine/threonine kinase activity, C:extracellular vesicular exosome, P:positive regulation of protein import into nucleus, translocation, F:nitric-oxide synthase regulator activity, C:brush border membrane, P:negative regulation of proteasomal ubiquitin-dependent protein catabolic process, C:apical plasma membrane, F:dATP binding, F:double-stranded RNA binding, P:cellular response to organic cyclic compound, P:nucleotide-binding domain, leucine rich repeat containing receptor signaling pathway, P:regulation of type I interferon-mediated signaling pathway, P:response to unfolded protein, P:cellular response to interleukin-4, C:mitochondrion, C:melanosome, P:positive regulation of protein binding, P:protein folding, P:Fc-gamma receptor signaling pathway involved in phagocytosis, P:positive regulation of cell size, P:axon guidance, P:placenta development, F:CTP binding, F:GTP binding, C:cell surface, F:TPR domain binding, C:cytosol, F:MHC class II protein complex binding, P:response to salt stress, P:negative regulation of neuron apoptotic process, C:inclusion body, P:positive regulation of nitric oxide biosynthetic process"
"79";79;"P08107";"HSP71_HUMAN";"F:double-stranded RNA binding, P:protein refolding, P:mRNA catabolic process, F:unfolded protein binding, F:virus receptor activity, C:blood microparticle, C:mitochondrion, C:ribonucleoprotein complex, P:negative regulation of apoptotic process, C:perinuclear region of cytoplasm, P:response to unfolded protein, C:endoplasmic reticulum, P:response to virus, F:ATP binding, F:protein binding involved in protein folding, C:extracellular vesicular exosome, P:positive regulation of erythrocyte differentiation, C:aggresome, P:gene expression, P:negative regulation of cell growth, P:negative regulation of cell proliferation, C:cytosol, P:negative regulation of inclusion body assembly, C:nuclear speck, P:negative regulation of extrinsic apoptotic signaling pathway in absence of ligand"
"80";80;"P17066";"HSP76_HUMAN";"P:response to unfolded protein, C:blood microparticle, C:extracellular vesicular exosome, F:ATP binding"
"81";81;"P11142";"HSP7C_HUMAN";"C:clathrin-sculpted gamma-aminobutyric acid transport vesicle membrane, C:nucleolus, P:axon guidance, C:ribonucleoprotein complex, C:extracellular vesicular exosome, F:ATP binding, C:Prp19 complex, C:cytosol, P:mRNA processing, P:gene expression, C:melanosome, C:spliceosomal complex, P:mRNA metabolic process, P:viral process, P:RNA splicing, P:negative regulation of transcription, DNA-templated, P:neurotransmitter secretion, C:plasma membrane, P:post-Golgi vesicle-mediated transport, P:regulation of cell cycle, C:blood microparticle, P:protein folding, P:response to unfolded protein, F:MHC class II protein complex binding, P:chaperone mediated protein folding requiring cofactor, F:ATPase activity, coupled, P:transcription, DNA-templated"
"83";83;"P60842";"IF4A1_HUMAN";"P:organ regeneration, F:ATP-dependent helicase activity, P:nuclear-transcribed mRNA poly(A) tail shortening, F:translation initiation factor activity, F:double-stranded RNA binding, F:ATP binding, F:translation factor activity, nucleic acid binding, F:helicase activity, P:ATP catabolic process, F:RNA cap binding, C:cytosol, C:eukaryotic translation initiation factor 4F complex, P:translational initiation, C:extracellular vesicular exosome, P:cytokine-mediated signaling pathway, P:viral process, F:mRNA binding"
"85";85;"P13645";"K1C10_HUMAN";"P:keratinocyte differentiation, C:cytoplasm, C:extracellular space, F:structural constituent of epidermis, P:cellular response to calcium ion, C:keratin filament, C:intermediate filament, C:extracellular vesicular exosome"
"86";86;"P13646";"K1C13_HUMAN";"P:cellular response to retinoic acid, F:structural molecule activity, P:response to radiation, C:extracellular vesicular exosome, P:tongue morphogenesis, C:keratin filament"
"87";87;"P02533";"K1C14_HUMAN";"C:keratin filament, C:cell periphery, C:cytosol, F:structural constituent of cytoskeleton, P:epithelial cell differentiation, P:epidermis development, C:extracellular vesicular exosome, P:response to ionizing radiation, P:hemidesmosome assembly, P:intermediate filament bundle assembly, P:response to zinc ion, C:nucleus"
"88";88;"P19012";"K1C15_HUMAN";"C:extracellular vesicular exosome, P:epidermis development, F:structural constituent of cytoskeleton, C:intermediate filament"
"89";89;"P08779";"K1C16_HUMAN";"C:intermediate filament, P:epidermis development, P:cell proliferation, P:intermediate filament cytoskeleton organization, F:structural constituent of cytoskeleton, C:extracellular vesicular exosome, P:cytoskeleton organization"
"90";90;"P35527";"K1C9_HUMAN";"F:structural constituent of cytoskeleton, P:epidermis development, C:intermediate filament, C:extracellular vesicular exosome, C:extracellular space, P:intermediate filament organization"
"91";91;"P35908";"K22E_HUMAN";"C:keratin filament, P:keratinocyte activation, P:keratinocyte proliferation, C:intermediate filament, C:extracellular vesicular exosome, F:structural constituent of cytoskeleton, P:keratinocyte migration, P:keratinization, C:extracellular space, C:Golgi apparatus"
"93";93;"P04264";"K2C1_HUMAN";"P:retina homeostasis, P:complement activation, lectin pathway, P:regulation of angiogenesis, C:extracellular vesicular exosome, F:structural molecule activity, C:keratin filament, C:plasma membrane, C:cytoskeleton, C:membrane, P:fibrinolysis, F:carbohydrate binding, C:blood microparticle, F:receptor activity, P:response to oxidative stress"
"97";97;"P13647";"K2C5_HUMAN";"P:hemidesmosome assembly, C:keratin filament, F:structural constituent of cytoskeleton, C:cytosol, P:epidermis development, C:plasma membrane, C:extracellular vesicular exosome, C:mitochondrion"
"98";98;"P02538";"K2C6A_HUMAN";"C:extracellular vesicular exosome, C:keratin filament, P:cell differentiation, P:ectoderm development, F:structural constituent of cytoskeleton, P:positive regulation of cell proliferation, C:intermediate filament"
"99";99;"P04259";"K2C6B_HUMAN";"F:structural constituent of cytoskeleton, P:ectoderm development, C:keratin filament, C:extracellular vesicular exosome"
"102";102;"Q86Y46";"K2C73_HUMAN";"F:structural molecule activity, C:extracellular vesicular exosome, C:keratin filament"
"104";104;"Q8N1N4";"K2C78_HUMAN";"C:keratin filament, C:extracellular vesicular exosome, C:extracellular space, F:structural molecule activity"
"105";105;"Q5XKE5";"K2C79_HUMAN";"F:structural molecule activity, C:extracellular vesicular exosome, C:keratin filament"
"106";106;"P05787";"K2C8_HUMAN";"P:extrinsic apoptotic signaling pathway, C:intermediate filament, P:cell differentiation involved in embryonic placenta development, P:sarcomere organization, P:hepatocyte apoptotic process, F:structural molecule activity, P:response to other organism, C:nucleoplasm, C:keratin filament, C:Z disc, C:cytoplasm, C:nuclear matrix, P:viral process, P:tumor necrosis factor-mediated signaling pathway, P:response to hydrostatic pressure, C:sarcolemma, C:extracellular vesicular exosome, C:costamere, C:dystrophin-associated glycoprotein complex"
"108";108;"Q5T749";"KPRP_HUMAN";"C:extracellular vesicular exosome, C:cytoplasm"
"109";109;"P14618";"KPYM_HUMAN";"P:programmed cell death, P:glycolysis, F:pyruvate kinase activity, C:cytosol, F:magnesium ion binding, F:ATP binding, C:mitochondrion, F:MHC class II protein complex binding, F:potassium ion binding, C:plasma membrane, C:nucleus, C:extracellular vesicular exosome, C:cilium, P:small molecule metabolic process"
"112";112;"Q01650";"LAT1_HUMAN";"C:plasma membrane, P:blood coagulation, F:peptide antigen binding, C:extracellular vesicular exosome, P:cellular amino acid metabolic process, P:leukocyte migration, F:L-amino acid transmembrane transporter activity, P:cell differentiation, P:nervous system development, P:L-alpha-amino acid transmembrane transport, C:integral component of membrane, C:cytosol, F:neutral amino acid transmembrane transporter activity, C:apical plasma membrane"
"113";113;"P00338";"LDHA_HUMAN";"C:extracellular vesicular exosome, P:glycolysis, P:substantia nigra development, C:cilium, P:cellular response to extracellular stimulus, C:mitochondrion, P:cellular carbohydrate metabolic process, P:pyruvate metabolic process, F:L-lactate dehydrogenase activity, C:cytosol"
"114";114;"P07195";"LDHB_HUMAN";"P:glycolysis, F:NAD binding, P:lactate metabolic process, C:extracellular vesicular exosome, F:L-lactate dehydrogenase activity, P:pyruvate metabolic process, C:cytosol, C:mitochondrion, P:NAD metabolic process, P:cellular carbohydrate metabolic process"
"116";116;"Q86UE4";"LYRIC_HUMAN";"P:lipopolysaccharide-mediated signaling pathway, P:negative regulation of transcription from RNA polymerase II promoter, C:nucleolus, P:tight junction assembly, P:positive regulation of autophagy, P:positive regulation of angiogenesis, C:intercellular canaliculus, C:tight junction, C:perinuclear region of cytoplasm, F:transcription coactivator activity, P:positive regulation of NF-kappaB transcription factor activity, F:double-stranded RNA binding, P:negative regulation of apoptotic process, P:positive regulation of protein kinase B signaling, C:endoplasmic reticulum membrane, C:integral component of membrane, C:apical plasma membrane, C:nuclear body, C:nuclear membrane, P:positive regulation of I-kappaB kinase/NF-kappaB signaling"
"117";117;"P61626";"LYSC_HUMAN";"P:defense response to bacterium, C:extracellular space, C:extracellular vesicular exosome, P:retina homeostasis, P:inflammatory response, P:cytolysis, P:cell wall macromolecule catabolic process, F:lysozyme activity"
"119";119;"P26038";"MOES_HUMAN";"F:double-stranded RNA binding, C:apical plasma membrane, C:apical part of cell, C:basolateral plasma membrane, F:structural constituent of cytoskeleton, P:leukocyte migration, C:filopodium, C:microvillus membrane, P:leukocyte cell-cell adhesion, C:extracellular vesicular exosome, C:cytoskeleton, C:cytoplasm, C:nucleolus, P:membrane to membrane docking, C:uropod, C:extrinsic component of membrane, C:plasma membrane, P:regulation of lymphocyte migration, C:microvillus, C:blood microparticle"
"120";120;"P20645";"MPRD_HUMAN";"F:mannose binding, P:receptor-mediated endocytosis, C:lysosomal membrane, P:hexose transmembrane transport, F:transmembrane signaling receptor activity, F:mannose transmembrane transporter activity, C:endosome, P:endosome to lysosome transport, C:late endosome, C:integral component of plasma membrane"
"121";121;"P35579";"MYH9_HUMAN";"P:angiogenesis, C:uropod, C:nucleus, P:membrane protein ectodomain proteolysis, F:ATP binding, C:ruffle, P:establishment of meiotic spindle localization, P:monocyte differentiation, C:plasma membrane, C:cleavage furrow, P:uropod organization, P:cytokinesis, P:integrin-mediated signaling pathway, P:actin filament-based movement, C:protein complex, C:actomyosin contractile ring, P:cell-cell adhesion, P:actin cytoskeleton reorganization, P:regulation of cell shape, C:myosin II complex, P:axon guidance, P:myoblast fusion, F:microfilament motor activity, C:spindle, P:establishment of T cell polarity, C:stress fiber, C:cortical cytoskeleton, C:cytosol, C:cell-cell adherens junction, P:blood vessel endothelial cell migration, C:immunological synapse, P:meiotic spindle organization, P:platelet formation, P:termination of G-protein coupled receptor signaling pathway, P:in utero embryonic development, F:actin filament binding, F:protein homodimerization activity, C:extracellular vesicular exosome, F:protein anchor, P:leukocyte migration, P:protein transport, F:ADP binding, C:neuromuscular junction, F:actin-dependent ATPase activity"
"122";122;"Q13765";"NACA_HUMAN";"P:positive regulation of transcription from RNA polymerase II promoter involved in heart development, C:nucleus, P:skeletal muscle tissue regeneration, F:DNA binding, C:nascent polypeptide-associated complex, P:positive regulation of cell proliferation involved in heart morphogenesis, P:transcription, DNA-templated, F:TBP-class protein binding, P:negative regulation of striated muscle cell apoptotic process, P:translation, F:transcription coactivator activity, P:viral process, P:positive regulation of skeletal muscle tissue growth, P:cardiac ventricle development, P:negative regulation of transcription from RNA polymerase II promoter involved in heart development, P:protein transport, C:extracellular vesicular exosome, P:heart trabecula morphogenesis, P:regulation of skeletal muscle fiber development"
"125";125;"P19338";"NUCL_HUMAN";"F:telomeric DNA binding, F:RNA binding, C:ribonucleoprotein complex, C:nucleoplasm, C:extracellular vesicular exosome, F:nucleotide binding, C:nucleolus, C:cell cortex, P:angiogenesis"
"126";126;"Q8NC51";"PAIRB_HUMAN";"P:regulation of apoptotic process, C:nucleus, C:extracellular vesicular exosome, P:regulation of mRNA stability, C:cytoplasm, C:perinuclear region of cytoplasm, C:plasma membrane, F:mRNA 3'-UTR binding"
"129";129;"P07237";"PDIA1_HUMAN";"P:regulation of intrinsic apoptotic signaling pathway in response to oxidative stress, P:glycerol ether metabolic process, C:procollagen-proline 4-dioxygenase complex, C:plasma membrane, P:peptidyl-proline hydroxylation to 4-hydroxy-L-proline, P:extracellular matrix organization, C:melanosome, P:response to endoplasmic reticulum stress, F:protein disulfide oxidoreductase activity, C:endoplasmic reticulum-Golgi intermediate compartment, C:endoplasmic reticulum lumen, P:cellular response to hypoxia, P:cell redox homeostasis, F:procollagen-proline 4-dioxygenase activity, P:lipoprotein metabolic process, F:protein disulfide isomerase activity, C:extracellular vesicular exosome"
"130";130;"P30101";"PDIA3_HUMAN";"P:signal transduction, P:post-translational protein modification, F:phospholipase C activity, C:endoplasmic reticulum lumen, P:glycerol ether metabolic process, F:protein disulfide isomerase activity, P:protein import into nucleus, P:antigen processing and presentation of exogenous peptide antigen via MHC class I, TAP-dependent, C:cell surface, C:melanosome, P:protein retention in ER lumen, P:positive regulation of extrinsic apoptotic signaling pathway, F:protein disulfide oxidoreductase activity, F:cysteine-type endopeptidase activity, P:protein N-linked glycosylation via asparagine, P:oxidation-reduction process, C:extracellular vesicular exosome, P:cell redox homeostasis"
"131";131;"P00558";"PGK1_HUMAN";"F:phosphoglycerate kinase activity, C:extracellular vesicular exosome, F:ATP binding, C:cytosol, P:epithelial cell differentiation, P:gluconeogenesis, P:small molecule metabolic process, P:glycolysis"
"133";133;"Q13835";"PKP1_HUMAN";"P:cellular component disassembly involved in execution phase of apoptosis, F:signal transducer activity, P:cell-cell adhesion, P:intermediate filament bundle assembly, C:plasma membrane, P:multicellular organismal development, C:nucleus, C:desmosome, F:lamin binding, F:intermediate filament binding, C:intermediate filament, P:cell adhesion, F:structural constituent of epidermis"
"134";134;"P14923";"PLAK_HUMAN";"C:cytosol, C:gamma-catenin-TCF7L2 complex, P:positive regulation of canonical Wnt signaling pathway, F:structural constituent of cell wall, C:cytoplasmic side of plasma membrane, C:intermediate filament, P:morphogenesis of embryonic epithelium, P:detection of mechanical stimulus, P:negative regulation of heart induction by canonical Wnt signaling pathway, P:oocyte development, P:desmosome assembly, P:cell migration, P:bundle of His cell to Purkinje myocyte communication, P:gastrulation, F:transcription coactivator activity, P:establishment of protein localization to plasma membrane, P:adherens junction organization, P:regulation of cell proliferation, C:fascia adherens, P:ventricular cardiac muscle cell action potential, P:positive regulation of protein import into nucleus, P:positive regulation of sequence-specific DNA binding transcription factor activity, F:protein homodimerization activity, P:ectoderm development, P:cellular response to indole-3-methanol, C:apicolateral plasma membrane, C:actin cytoskeleton, P:cytoskeletal anchoring at plasma membrane, P:skin development, F:protein kinase binding, C:lateral plasma membrane, C:extracellular vesicular exosome, P:regulation of heart rate by cardiac conduction, C:zonula adherens, C:desmosome, P:protein heterooligomerization, P:negative regulation of Wnt signaling pathway involved in heart development, C:protein-DNA complex, C:catenin complex, P:atrioventricular valve morphogenesis, P:cell morphogenesis, P:endothelial cell-cell adhesion, C:basolateral plasma membrane, P:nervous system development, C:Z disc"
"136";136;"P62937";"PPIA_HUMAN";"F:peptide binding, P:entry into host cell, F:peptidyl-prolyl cis-trans isomerase activity, P:viral release from host cell, P:lipid particle organization, F:unfolded protein binding, P:platelet degranulation, P:establishment of integrated proviral latency, P:positive regulation of protein secretion, C:cytosol, P:leukocyte migration, P:RNA-dependent DNA replication, C:nucleus, F:virion binding, P:uncoating of virus, P:positive regulation of viral genome replication, P:virion assembly, P:protein folding, P:platelet activation, C:extracellular vesicular exosome"
"137";137;"Q06830";"PRDX1_HUMAN";"C:extracellular space, P:natural killer cell mediated cytotoxicity, P:retina homeostasis, F:thioredoxin peroxidase activity, P:skeletal system development, P:removal of superoxide radicals, P:regulation of stress-activated MAPK cascade, C:nuclear euchromatin, C:melanosome, C:mitochondrial matrix, C:mitochondrion, C:nucleus, C:cytosol, C:extracellular vesicular exosome, C:peroxisomal matrix, P:regulation of NF-kappaB import into nucleus, F:heme binding, C:nucleolus, P:cell proliferation, P:hydrogen peroxide catabolic process, P:erythrocyte homeostasis"
"141";141;"P62826";"RAN_HUMAN";"P:positive regulation of protein binding, F:chromatin binding, F:androgen receptor binding, P:positive regulation of transcription, DNA-templated, P:mitosis, P:gene expression, F:transcription coactivator activity, P:androgen receptor signaling pathway, P:protein export from nucleus, F:GTPase activity, C:melanosome, C:nucleoplasm, C:nuclear pore, P:intracellular transport of virus, C:extracellular vesicular exosome, F:GTP binding, P:DNA metabolic process, P:small GTPase mediated signal transduction, C:cytosol, P:mitotic spindle organization"
"142";142;"P38159";"RBMX_HUMAN";"P:positive regulation of transcription from RNA polymerase II promoter, F:core promoter binding, C:nucleoplasm, C:extracellular vesicular exosome, F:mRNA binding, F:nucleotide binding, C:extracellular space, C:catalytic step 2 spliceosome, P:mRNA splicing, via spliceosome, P:protein homooligomerization, P:regulation of alternative mRNA splicing, via spliceosome, P:positive regulation of mRNA splicing, via spliceosome, C:supraspliceosomal complex, P:cellular response to interleukin-1, P:negative regulation of mRNA splicing, via spliceosome, F:chromatin binding, P:transcription from RNA polymerase II promoter, P:membrane protein ectodomain proteolysis, C:nuclear euchromatin"
"144";144;"P62913";"RL11_HUMAN";"P:rRNA processing, C:extracellular vesicular exosome, C:cytosolic large ribosomal subunit, P:translational initiation, C:nucleolus, P:nuclear-transcribed mRNA catabolic process, nonsense-mediated decay, P:SRP-dependent cotranslational protein targeting to membrane, F:rRNA binding, P:ribosomal large subunit biogenesis, P:translational termination, F:structural constituent of ribosome, F:RNA binding, P:viral transcription, P:protein localization to nucleus, P:translational elongation"
"146";146;"P50914";"RL14_HUMAN";"P:viral transcription, C:cytosolic large ribosomal subunit, F:RNA binding, P:translational initiation, P:nuclear-transcribed mRNA catabolic process, nonsense-mediated decay, F:structural constituent of ribosome, P:ribosomal large subunit biogenesis, P:rRNA processing, C:extracellular vesicular exosome, P:translational elongation, P:SRP-dependent cotranslational protein targeting to membrane, P:translational termination"
"151";151;"P62750";"RL23A_HUMAN";"P:viral transcription, P:nuclear-transcribed mRNA catabolic process, nonsense-mediated decay, C:extracellular vesicular exosome, C:nucleus, C:TORC2 complex, F:structural constituent of ribosome, C:cytosolic large ribosomal subunit, P:translational termination, P:translational elongation, F:rRNA binding, P:cell proliferation, F:nucleotide binding, P:translational initiation, P:SRP-dependent cotranslational protein targeting to membrane"
"153";153;"P62888";"RL30_HUMAN";"P:SRP-dependent cotranslational protein targeting to membrane, P:nuclear-transcribed mRNA catabolic process, nonsense-mediated decay, C:extracellular vesicular exosome, P:viral transcription, P:translational initiation, P:translational elongation, P:translational termination, F:structural constituent of ribosome, F:RNA binding, C:cytosolic large ribosomal subunit"
"154";154;"P36578";"RL4_HUMAN";"P:SRP-dependent cotranslational protein targeting to membrane, P:translational elongation, P:translational termination, F:structural constituent of ribosome, P:nuclear-transcribed mRNA catabolic process, nonsense-mediated decay, P:viral transcription, P:translational initiation, C:cytosolic large ribosomal subunit, C:extracellular vesicular exosome, F:RNA binding, C:nucleolus"
"155";155;"P62987";"RL40_HUMAN";"P:TRIF-dependent toll-like receptor signaling pathway, P:antigen processing and presentation of exogenous peptide antigen via MHC class I, TAP-dependent, P:nucleotide-binding oligomerization domain containing signaling pathway, C:ribosome, P:toll-like receptor TLR1:TLR2 signaling pathway, P:toll-like receptor 3 signaling pathway, C:plasma membrane, P:transcription initiation from RNA polymerase II promoter, P:viral transcription, P:negative regulation of transforming growth factor beta receptor signaling pathway, P:I-kappaB kinase/NF-kappaB signaling, C:lysosomal membrane, P:negative regulation of apoptotic process, P:translation, P:negative regulation of ubiquitin-protein ligase activity involved in mitotic cell cycle, P:toll-like receptor 9 signaling pathway, P:toll-like receptor 2 signaling pathway, P:viral protein processing, P:innate immune response, P:virion assembly, P:negative regulation of transcription from RNA polymerase II promoter, P:translational elongation, P:nuclear-transcribed mRNA catabolic process, nonsense-mediated decay, P:Notch receptor processing, C:cytosol, P:regulation of transcription from RNA polymerase II promoter in response to hypoxia, P:DNA damage response, signal transduction by p53 class mediator resulting in cell cycle arrest, P:activation of MAPK activity, P:MyD88-dependent toll-like receptor signaling pathway, P:DNA repair, P:cytokine-mediated signaling pathway, P:toll-like receptor 4 signaling pathway, P:protein polyubiquitination, P:translational initiation, P:Notch signaling pathway, P:negative regulation of epidermal growth factor receptor signaling pathway, P:toll-like receptor TLR6:TLR2 signaling pathway, P:positive regulation of apoptotic process, P:toll-like receptor 5 signaling pathway, P:neurotrophin TRK receptor signaling pathway, P:G1/S transition of mitotic cell cycle, P:positive regulation of ubiquitin-protein ligase activity involved in mitotic cell cycle, P:positive regulation of I-kappaB kinase/NF-kappaB signaling, P:Fc-epsilon receptor signaling pathway, P:transforming growth factor beta receptor signaling pathway, P:JNK cascade, P:fibroblast growth factor receptor signaling pathway, P:apoptotic signaling pathway, P:endosomal transport, C:nucleoplasm, P:epidermal growth factor receptor signaling pathway, C:endocytic vesicle membrane, P:T cell receptor signaling pathway, C:endosome membrane, P:positive regulation of NF-kappaB transcription factor activity, P:toll-like receptor 10 signaling pathway, P:ion transmembrane transport, P:translational termination, C:cytosolic large ribosomal subunit, P:anaphase-promoting complex-dependent proteasomal ubiquitin-dependent protein catabolic process, P:positive regulation of transcription from RNA polymerase II promoter, P:SRP-dependent cotranslational protein targeting to membrane, F:structural constituent of ribosome, P:negative regulation of type I interferon production, P:positive regulation of type I interferon production"
"157";157;"P05388";"RLA0_HUMAN";"P:translational initiation, F:structural constituent of ribosome, C:extracellular vesicular exosome, F:RNA binding, P:ribosome biogenesis, P:nuclear-transcribed mRNA catabolic process, nonsense-mediated decay, P:viral transcription, P:SRP-dependent cotranslational protein targeting to membrane, P:translational termination, C:nucleus, C:cytosolic large ribosomal subunit, P:translational elongation"
"158";158;"P05387";"RLA2_HUMAN";"C:extracellular vesicular exosome, P:viral transcription, P:translational initiation, P:SRP-dependent cotranslational protein targeting to membrane, P:translational termination, P:nuclear-transcribed mRNA catabolic process, nonsense-mediated decay, P:translational elongation, F:RNA binding, F:structural constituent of ribosome, C:cytosolic large ribosomal subunit"
"159";159;"P09651";"ROA1_HUMAN";"P:RNA export from nucleus, C:extracellular vesicular exosome, F:single-stranded DNA binding, F:single-stranded RNA binding, C:intermediate filament cytoskeleton, C:nucleolus, P:nuclear import, P:mRNA splicing, via spliceosome, C:catalytic step 2 spliceosome, P:viral process, C:cytoplasm, P:mRNA transport, C:nucleoplasm, F:nucleotide binding"
"165";165;"P62263";"RS14_HUMAN";"F:structural constituent of ribosome, C:extracellular vesicular exosome, C:nucleolus, P:SRP-dependent cotranslational protein targeting to membrane, F:translation regulator activity, P:translational elongation, P:nuclear-transcribed mRNA catabolic process, nonsense-mediated decay, C:mitochondrion, P:viral transcription, P:ribosomal small subunit assembly, P:negative regulation of transcription from RNA polymerase II promoter, P:translational initiation, P:maturation of SSU-rRNA, P:translational termination, P:erythrocyte differentiation, F:mRNA 5'-UTR binding, C:cytosolic small ribosomal subunit"
"166";166;"P62269";"RS18_HUMAN";"P:translational elongation, P:nuclear-transcribed mRNA catabolic process, nonsense-mediated decay, P:viral transcription, F:structural constituent of ribosome, P:SRP-dependent cotranslational protein targeting to membrane, C:cytosolic small ribosomal subunit, C:extracellular vesicular exosome, P:translational initiation, P:ribosome biogenesis, F:rRNA binding, P:translational termination"
"167";167;"P39019";"RS19_HUMAN";"C:nucleolus, P:nuclear-transcribed mRNA catabolic process, nonsense-mediated decay, F:protein homodimerization activity, P:translational elongation, C:extracellular vesicular exosome, P:response to extracellular stimulus, F:structural constituent of ribosome, P:positive regulation of respiratory burst involved in inflammatory response, P:translational termination, P:protein tetramerization, P:nucleolus organization, P:maturation of SSU-rRNA from tricistronic rRNA transcript (SSU-rRNA, 5.8S rRNA, LSU-rRNA), P:erythrocyte differentiation, P:negative regulation of respiratory burst involved in inflammatory response, P:monocyte chemotaxis, C:cytosolic small ribosomal subunit, P:positive regulation of cellular component movement, P:SRP-dependent cotranslational protein targeting to membrane, P:ribosomal small subunit assembly, P:viral transcription, P:translational initiation"
"168";168;"P15880";"RS2_HUMAN";"P:translational termination, P:translational initiation, F:structural constituent of ribosome, P:positive regulation of transferase activity, C:cytosolic small ribosomal subunit, P:viral transcription, F:mRNA binding, C:extracellular vesicular exosome, C:nucleoplasm, P:translational elongation, P:SRP-dependent cotranslational protein targeting to membrane, P:nuclear-transcribed mRNA catabolic process, nonsense-mediated decay"
"170";170;"P62854";"RS26_HUMAN";"F:mRNA binding, F:structural constituent of ribosome, P:translational elongation, P:translational termination, P:viral transcription, C:extracellular vesicular exosome, P:negative regulation of RNA splicing, P:nuclear-transcribed mRNA catabolic process, nonsense-mediated decay, C:cytosolic small ribosomal subunit, P:translational initiation, P:SRP-dependent cotranslational protein targeting to membrane"
"171";171;"P62857";"RS28_HUMAN";"P:translational initiation, P:viral transcription, P:translational termination, P:nuclear-transcribed mRNA catabolic process, nonsense-mediated decay, P:translational elongation, C:extracellular vesicular exosome, P:ribosomal small subunit biogenesis, C:cytosolic small ribosomal subunit, P:SRP-dependent cotranslational protein targeting to membrane, P:rRNA processing, F:structural constituent of ribosome"
"172";172;"P23396";"RS3_HUMAN";"C:ruffle membrane, F:endonuclease activity, P:positive regulation of execution phase of apoptosis, C:nucleus, F:iron-sulfur cluster binding, P:negative regulation of DNA repair, F:DNA-(apurinic or apyrimidinic site) lyase activity, P:positive regulation of DNA N-glycosylase activity, P:translational termination, C:extracellular vesicular exosome, P:nuclear-transcribed mRNA catabolic process, nonsense-mediated decay, P:translational initiation, F:damaged DNA binding, F:structural constituent of ribosome, P:activation of cysteine-type endopeptidase activity involved in apoptotic process, P:negative regulation of NF-kappaB transcription factor activity, C:cytosolic small ribosomal subunit, P:cellular response to DNA damage stimulus, P:translational elongation, F:mRNA binding, P:viral transcription, P:SRP-dependent cotranslational protein targeting to membrane"
"174";174;"P62241";"RS8_HUMAN";"P:translational elongation, P:maturation of SSU-rRNA from tricistronic rRNA transcript (SSU-rRNA, 5.8S rRNA, LSU-rRNA), P:SRP-dependent cotranslational protein targeting to membrane, F:structural constituent of ribosome, P:viral transcription, P:translational termination, C:extracellular vesicular exosome, P:nuclear-transcribed mRNA catabolic process, nonsense-mediated decay, P:translational initiation, C:cytosolic small ribosomal subunit"
"175";175;"P08865";"RSSA_HUMAN";"P:SRP-dependent cotranslational protein targeting to membrane, P:rRNA export from nucleus, C:cytosolic small ribosomal subunit, C:90S preribosome, F:ribosome binding, F:laminin receptor activity, P:translational termination, P:translational elongation, P:endonucleolytic cleavage to generate mature 3'-end of SSU-rRNA from (SSU-rRNA, 5.8S rRNA, LSU-rRNA), C:nucleus, F:structural constituent of ribosome, P:translational initiation, P:nuclear-transcribed mRNA catabolic process, nonsense-mediated decay, P:endonucleolytic cleavage in ITS1 to separate SSU-rRNA from 5.8S rRNA and LSU-rRNA from tricistronic rRNA transcript (SSU-rRNA, 5.8S rRNA, LSU-rRNA), C:plasma membrane, P:cell adhesion, P:ribosomal small subunit assembly, C:extracellular vesicular exosome, P:viral transcription"
"176";176;"P05109";"S10A8_HUMAN";"F:arachidonic acid binding, C:extracellular space, P:leukocyte migration involved in inflammatory response, F:calcium ion binding, F:RAGE receptor binding, P:positive regulation of intrinsic apoptotic signaling pathway, P:positive regulation of inflammatory response, P:sequestering of zinc ion, F:zinc ion binding, P:response to zinc ion, C:cytoskeleton, P:response to ethanol, P:regulation of cytoskeleton organization, P:neutrophil chemotaxis, P:activation of cysteine-type endopeptidase activity involved in apoptotic process, P:chemokine production, C:plasma membrane, P:response to lipopolysaccharide, P:positive regulation of cell growth, P:acute inflammatory response, C:cytosol, P:neutrophil aggregation, P:positive regulation of NF-kappaB transcription factor activity, P:autophagy, P:defense response to fungus, P:defense response to bacterium, C:extracellular vesicular exosome, P:innate immune response, F:Toll-like receptor 4 binding, P:chronic inflammatory response, P:wound healing, F:microtubule binding"
"177";177;"P06702";"S10A9_HUMAN";"P:response to lipopolysaccharide, F:signal transducer activity, P:defense response to fungus, C:extracellular vesicular exosome, P:positive regulation of cell growth, F:calcium ion binding, P:sequestering of zinc ion, P:neutrophil chemotaxis, F:antioxidant activity, P:chemokine production, C:plasma membrane, F:arachidonic acid binding, F:zinc ion binding, C:nucleus, P:innate immune response, F:Toll-like receptor 4 binding, P:cell-cell signaling, F:RAGE receptor binding, F:microtubule binding, P:defense response to bacterium, P:chronic inflammatory response, P:activation of cysteine-type endopeptidase activity involved in apoptotic process, P:neutrophil aggregation, P:leukocyte migration involved in inflammatory response, P:positive regulation of intrinsic apoptotic signaling pathway, P:positive regulation of inflammatory response, C:cytoskeleton, C:cytosol, P:regulation of cytoskeleton organization, C:extracellular space, P:autophagy, P:positive regulation of NF-kappaB transcription factor activity, P:response to zinc ion, P:response to ethanol"
"182";182;"Q04837";"SSBP_HUMAN";"P:DNA replication, F:single-stranded DNA binding, C:mitochondrial nucleoid, P:mitochondrion morphogenesis, C:extracellular vesicular exosome, P:positive regulation of helicase activity, F:chromatin binding"
"183";183;"P51571";"SSRD_HUMAN";"C:Sec61 translocon complex, C:extracellular vesicular exosome, P:translation, P:SRP-dependent cotranslational protein targeting to membrane, C:integral component of membrane"
"184";184;"P16949";"STMN1_HUMAN";"F:tubulin binding, C:membrane, C:microtubule, C:intracellular, F:signal transducer activity, P:response to virus, P:intracellular signal transduction, C:cytosol, P:axonogenesis, P:microtubule depolymerization, P:positive regulation of cellular component movement, P:mitotic spindle organization, P:negative regulation of microtubule polymerization, C:extracellular vesicular exosome"
"187";187;"P68371";"TBB4B_HUMAN";"P:protein polymerization, P:G2/M transition of mitotic cell cycle, P:cellular component movement, F:unfolded protein binding, F:GTPase activity, P:natural killer cell mediated cytotoxicity, C:cytosol, C:extracellular vesicular exosome, F:structural constituent of cytoskeleton, C:nucleus, P:spindle assembly, P:'de novo' posttranslational protein folding, F:MHC class I protein binding, C:microtubule, F:GTP binding, F:double-stranded RNA binding, C:plasma membrane"
"188";188;"P07437";"TBB5_HUMAN";"P:microtubule-based process, F:structural molecule activity, C:extracellular vesicular exosome, P:cellular component movement, P:protein polymerization, F:MHC class I protein binding, P:cytoskeleton-dependent intracellular transport, P:natural killer cell mediated cytotoxicity, P:spindle assembly, F:GTPase activity, P:cell division, C:cytosol, C:cell body, P:G2/M transition of mitotic cell cycle, F:structural constituent of cytoskeleton, C:plasma membrane, F:GTP binding, C:microtubule, C:nuclear envelope lumen"
"189";189;"P53999";"TCP4_HUMAN";"C:nucleolus, C:extracellular vesicular exosome, P:transcription, DNA-templated, P:regulation of transcription from RNA polymerase II promoter, F:transcription coactivator activity, F:single-stranded DNA binding, C:transcription factor complex"
"190";190;"P49368";"TCPG_HUMAN";"P:'de novo' posttranslational protein folding, C:cytosol, F:unfolded protein binding, P:binding of sperm to zona pellucida, C:chaperonin-containing T-complex, F:ATP binding, C:cell body, C:microtubule, C:plasma membrane, C:extracellular vesicular exosome, C:zona pellucida receptor complex"
"191";191;"P29401";"TKT_HUMAN";"C:extracellular vesicular exosome, C:cytosol, C:nucleus, P:xylulose biosynthetic process, F:metal ion binding, F:cofactor binding, F:protein homodimerization activity, F:transketolase activity, P:pentose-phosphate shunt, non-oxidative branch, P:glyceraldehyde-3-phosphate biosynthetic process, P:regulation of growth, P:energy reserve metabolic process, C:peroxisome"
"192";192;"Q9BVC6";"TM109_HUMAN";"C:nuclear outer membrane, C:extracellular vesicular exosome, P:negative regulation of cell death, C:sarcoplasmic reticulum membrane, P:cellular response to gamma radiation, C:integral component of membrane, P:intrinsic apoptotic signaling pathway in response to DNA damage by p53 class mediator, C:cytoplasm, C:nuclear membrane"
"194";194;"P06753";"TPM3_HUMAN";"P:muscle filament sliding, C:cytosol, C:stress fiber, C:extracellular vesicular exosome, C:muscle thin filament tropomyosin"
"195";195;"P20231";"TRYB2_HUMAN";"C:extracellular region, P:proteolysis, F:serine-type endopeptidase activity"
"196";196;"P22314";"UBA1_HUMAN";"F:ligase activity, P:cell death, C:extracellular vesicular exosome, F:ATP binding, P:protein ubiquitination, F:small protein activating enzyme activity"
"197";197;"Q9BV40";"VAMP8_HUMAN";"P:regulation of endocytosis, C:recycling endosome, C:early endosome, C:extracellular vesicular exosome, C:secretory granule membrane, F:SNARE binding, C:plasma membrane, P:protein transport, P:exocytosis, P:vesicle fusion, C:late endosome membrane, C:lysosomal membrane, P:protein complex assembly, P:autophagic vacuole fusion, F:SNAP receptor activity, P:post-Golgi vesicle-mediated transport, C:mitochondrion, C:SNARE complex, P:endocytosis, C:integral component of membrane"
"198";198;"P21796";"VDAC1_HUMAN";"P:neuron-neuron synaptic transmission, P:apoptotic process, C:mitochondrial outer membrane, P:viral process, F:voltage-gated anion channel activity, P:behavioral fear response, C:mitochondrial inner membrane, C:pore complex, C:extracellular vesicular exosome, P:epithelial cell differentiation, C:mitochondrial nucleoid, C:plasma membrane, F:porin activity, P:learning"
"199";199;"P08670";"VIME_HUMAN";"F:structural constituent of eye lens, C:cell projection, P:muscle filament sliding, F:structural constituent of cytoskeleton, C:peroxisome, P:Bergmann glial cell differentiation, P:intermediate filament organization, P:viral process, C:cytosol, P:lens fiber cell development, F:double-stranded RNA binding, P:astrocyte development, C:extracellular vesicular exosome, C:intermediate filament, P:cellular component disassembly involved in execution phase of apoptosis, P:negative regulation of neuron projection development, C:cell leading edge"
"203";203;"P67809";"YBOX1_HUMAN";"C:CRD-mediated mRNA stability complex, P:in utero embryonic development, C:cytoplasmic stress granule, P:negative regulation of striated muscle cell differentiation, F:RNA binding, F:sequence-specific DNA binding transcription factor activity, P:mRNA splicing, via spliceosome, C:U12-type spliceosomal complex, C:nucleoplasm, F:double-stranded DNA binding, P:negative regulation of transcription from RNA polymerase II promoter, C:histone pre-mRNA 3'end processing complex, P:CRD-mediated mRNA stabilization, P:positive regulation of cell division, F:single-stranded DNA binding, P:transcription from RNA polymerase II promoter, C:extracellular vesicular exosome"
